name,weights,inputs,outputs,T,C,M,P,Q,R,S,HS,WS
w1.0_i0.01_o0.0,1.0,0.01,0.0,20,2048,512,1,1,1,1,1,1
w1.0_i0.02_o0.0,1.0,0.02,0.0,20,2048,512,1,1,1,1,1,1
w1.0_i0.031_o0.0002,1.0,0.031,0.0002,20,2048,512,1,1,1,1,1,1
w1.0_i0.041_o0.0007,1.0,0.041,0.0007,20,2048,512,1,1,1,1,1,1
w1.0_i0.051_o0.0018,1.0,0.051,0.0018,20,2048,512,1,1,1,1,1,1
w1.0_i0.06_o0.0029,1.0,0.06,0.0029,20,2048,512,1,1,1,1,1,1
w1.0_i0.071_o0.0041,1.0,0.071,0.0041,20,2048,512,1,1,1,1,1,1
w1.0_i0.08_o0.0056,1.0,0.08,0.0056,20,2048,512,1,1,1,1,1,1
w1.0_i0.09_o0.0075,1.0,0.09,0.0075,20,2048,512,1,1,1,1,1,1
w1.0_i0.1_o0.0097,1.0,0.1,0.0097,20,2048,512,1,1,1,1,1,1
w1.0_i0.11_o0.011,1.0,0.11,0.011,20,2048,512,1,1,1,1,1,1
w1.0_i0.12_o0.0126,1.0,0.12,0.0126,20,2048,512,1,1,1,1,1,1
w1.0_i0.13_o0.0155,1.0,0.13,0.0155,20,2048,512,1,1,1,1,1,1
w1.0_i0.141_o0.017,1.0,0.141,0.017,20,2048,512,1,1,1,1,1,1
w1.0_i0.15_o0.0189,1.0,0.15,0.0189,20,2048,512,1,1,1,1,1,1
w1.0_i0.16_o0.0205,1.0,0.16,0.0205,20,2048,512,1,1,1,1,1,1
w1.0_i0.17_o0.0226,1.0,0.17,0.0226,20,2048,512,1,1,1,1,1,1
w1.0_i0.181_o0.0243,1.0,0.181,0.0243,20,2048,512,1,1,1,1,1,1
w1.0_i0.191_o0.0256,1.0,0.191,0.0256,20,2048,512,1,1,1,1,1,1
w1.0_i0.2_o0.0272,1.0,0.2,0.0272,20,2048,512,1,1,1,1,1,1
w1.0_i0.211_o0.0296,1.0,0.211,0.0296,20,2048,512,1,1,1,1,1,1
w1.0_i0.222_o0.0322,1.0,0.222,0.0322,20,2048,512,1,1,1,1,1,1
w1.0_i0.23_o0.0335,1.0,0.23,0.0335,20,2048,512,1,1,1,1,1,1
w1.0_i0.241_o0.0363,1.0,0.241,0.0363,20,2048,512,1,1,1,1,1,1
w1.0_i0.25_o0.0377,1.0,0.25,0.0377,20,2048,512,1,1,1,1,1,1
w1.0_i0.262_o0.0389,1.0,0.262,0.0389,20,2048,512,1,1,1,1,1,1
w1.0_i0.269_o0.0412,1.0,0.269,0.0412,20,2048,512,1,1,1,1,1,1
w1.0_i0.28_o0.0423,1.0,0.28,0.0423,20,2048,512,1,1,1,1,1,1
w1.0_i0.29_o0.0448,1.0,0.29,0.0448,20,2048,512,1,1,1,1,1,1
w1.0_i0.299_o0.0449,1.0,0.299,0.0449,20,2048,512,1,1,1,1,1,1
w1.0_i0.31_o0.0488,1.0,0.31,0.0488,20,2048,512,1,1,1,1,1,1
w1.0_i0.322_o0.0499,1.0,0.322,0.0499,20,2048,512,1,1,1,1,1,1
w1.0_i0.331_o0.0525,1.0,0.331,0.0525,20,2048,512,1,1,1,1,1,1
w1.0_i0.34_o0.0523,1.0,0.34,0.0523,20,2048,512,1,1,1,1,1,1
w1.0_i0.35_o0.0546,1.0,0.35,0.0546,20,2048,512,1,1,1,1,1,1
w1.0_i0.361_o0.0551,1.0,0.361,0.0551,20,2048,512,1,1,1,1,1,1
w1.0_i0.37_o0.0577,1.0,0.37,0.0577,20,2048,512,1,1,1,1,1,1
w1.0_i0.38_o0.0591,1.0,0.38,0.0591,20,2048,512,1,1,1,1,1,1
w1.0_i0.389_o0.0603,1.0,0.389,0.0603,20,2048,512,1,1,1,1,1,1
w1.0_i0.399_o0.0623,1.0,0.399,0.0623,20,2048,512,1,1,1,1,1,1
w1.0_i0.41_o0.0645,1.0,0.41,0.0645,20,2048,512,1,1,1,1,1,1
w1.0_i0.42_o0.0649,1.0,0.42,0.0649,20,2048,512,1,1,1,1,1,1
w1.0_i0.43_o0.0674,1.0,0.43,0.0674,20,2048,512,1,1,1,1,1,1
w1.0_i0.44_o0.0695,1.0,0.44,0.0695,20,2048,512,1,1,1,1,1,1
w1.0_i0.45_o0.0706,1.0,0.45,0.0706,20,2048,512,1,1,1,1,1,1
w1.0_i0.458_o0.072,1.0,0.458,0.072,20,2048,512,1,1,1,1,1,1
w1.0_i0.471_o0.0729,1.0,0.471,0.0729,20,2048,512,1,1,1,1,1,1
w1.0_i0.479_o0.0748,1.0,0.479,0.0748,20,2048,512,1,1,1,1,1,1
w1.0_i0.489_o0.0748,1.0,0.489,0.0748,20,2048,512,1,1,1,1,1,1
w1.0_i0.5_o0.0771,1.0,0.5,0.0771,20,2048,512,1,1,1,1,1,1
w1.0_i0.509_o0.0806,1.0,0.509,0.0806,20,2048,512,1,1,1,1,1,1
w1.0_i0.518_o0.0804,1.0,0.518,0.0804,20,2048,512,1,1,1,1,1,1
w1.0_i0.529_o0.0826,1.0,0.529,0.0826,20,2048,512,1,1,1,1,1,1
w1.0_i0.54_o0.084,1.0,0.54,0.084,20,2048,512,1,1,1,1,1,1
w1.0_i0.548_o0.0853,1.0,0.548,0.0853,20,2048,512,1,1,1,1,1,1
w1.0_i0.56_o0.0868,1.0,0.56,0.0868,20,2048,512,1,1,1,1,1,1
w1.0_i0.571_o0.088,1.0,0.571,0.088,20,2048,512,1,1,1,1,1,1
w1.0_i0.583_o0.0906,1.0,0.583,0.0906,20,2048,512,1,1,1,1,1,1
w1.0_i0.59_o0.0902,1.0,0.59,0.0902,20,2048,512,1,1,1,1,1,1
w1.0_i0.597_o0.0934,1.0,0.597,0.0934,20,2048,512,1,1,1,1,1,1
w1.0_i0.61_o0.0942,1.0,0.61,0.0942,20,2048,512,1,1,1,1,1,1
w1.0_i0.62_o0.0959,1.0,0.62,0.0959,20,2048,512,1,1,1,1,1,1
w1.0_i0.629_o0.0968,1.0,0.629,0.0968,20,2048,512,1,1,1,1,1,1
w1.0_i0.641_o0.0997,1.0,0.641,0.0997,20,2048,512,1,1,1,1,1,1
w1.0_i0.649_o0.1013,1.0,0.649,0.1013,20,2048,512,1,1,1,1,1,1
w1.0_i0.659_o0.1017,1.0,0.659,0.1017,20,2048,512,1,1,1,1,1,1
w1.0_i0.67_o0.1043,1.0,0.67,0.1043,20,2048,512,1,1,1,1,1,1
w1.0_i0.68_o0.1045,1.0,0.68,0.1045,20,2048,512,1,1,1,1,1,1
w1.0_i0.69_o0.1058,1.0,0.69,0.1058,20,2048,512,1,1,1,1,1,1
w1.0_i0.701_o0.1083,1.0,0.701,0.1083,20,2048,512,1,1,1,1,1,1
w1.0_i0.708_o0.1101,1.0,0.708,0.1101,20,2048,512,1,1,1,1,1,1
w1.0_i0.719_o0.1107,1.0,0.719,0.1107,20,2048,512,1,1,1,1,1,1
w1.0_i0.73_o0.1138,1.0,0.73,0.1138,20,2048,512,1,1,1,1,1,1
w1.0_i0.74_o0.1137,1.0,0.74,0.1137,20,2048,512,1,1,1,1,1,1
w1.0_i0.751_o0.1155,1.0,0.751,0.1155,20,2048,512,1,1,1,1,1,1
w1.0_i0.761_o0.1174,1.0,0.761,0.1174,20,2048,512,1,1,1,1,1,1
w1.0_i0.77_o0.1187,1.0,0.77,0.1187,20,2048,512,1,1,1,1,1,1
w1.0_i0.779_o0.1201,1.0,0.779,0.1201,20,2048,512,1,1,1,1,1,1
w1.0_i0.79_o0.1213,1.0,0.79,0.1213,20,2048,512,1,1,1,1,1,1
w1.0_i0.799_o0.123,1.0,0.799,0.123,20,2048,512,1,1,1,1,1,1
w1.0_i0.811_o0.124,1.0,0.811,0.124,20,2048,512,1,1,1,1,1,1
w1.0_i0.82_o0.1266,1.0,0.82,0.1266,20,2048,512,1,1,1,1,1,1
w1.0_i0.833_o0.1296,1.0,0.833,0.1296,20,2048,512,1,1,1,1,1,1
w1.0_i0.84_o0.1302,1.0,0.84,0.1302,20,2048,512,1,1,1,1,1,1
w1.0_i0.848_o0.1307,1.0,0.848,0.1307,20,2048,512,1,1,1,1,1,1
w1.0_i0.859_o0.1321,1.0,0.859,0.1321,20,2048,512,1,1,1,1,1,1
w1.0_i0.871_o0.134,1.0,0.871,0.134,20,2048,512,1,1,1,1,1,1
w1.0_i0.879_o0.135,1.0,0.879,0.135,20,2048,512,1,1,1,1,1,1
w1.0_i0.891_o0.1376,1.0,0.891,0.1376,20,2048,512,1,1,1,1,1,1
w1.0_i0.9_o0.1395,1.0,0.9,0.1395,20,2048,512,1,1,1,1,1,1
w1.0_i0.91_o0.1413,1.0,0.91,0.1413,20,2048,512,1,1,1,1,1,1
w1.0_i0.919_o0.1419,1.0,0.919,0.1419,20,2048,512,1,1,1,1,1,1
w1.0_i0.93_o0.1437,1.0,0.93,0.1437,20,2048,512,1,1,1,1,1,1
w1.0_i0.94_o0.1456,1.0,0.94,0.1456,20,2048,512,1,1,1,1,1,1
w1.0_i0.95_o0.1478,1.0,0.95,0.1478,20,2048,512,1,1,1,1,1,1
w1.0_i0.96_o0.149,1.0,0.96,0.149,20,2048,512,1,1,1,1,1,1
w1.0_i0.971_o0.1508,1.0,0.971,0.1508,20,2048,512,1,1,1,1,1,1
w1.0_i0.98_o0.1526,1.0,0.98,0.1526,20,2048,512,1,1,1,1,1,1
w1.0_i0.99_o0.1544,1.0,0.99,0.1544,20,2048,512,1,1,1,1,1,1
w0.8_i0.01_o0.0,0.8,0.01,0.0,20,2048,512,1,1,1,1,1,1
w0.8_i0.02_o0.0,0.8,0.02,0.0,20,2048,512,1,1,1,1,1,1
w0.8_i0.03_o0.0003,0.8,0.03,0.0003,20,2048,512,1,1,1,1,1,1
w0.8_i0.04_o0.0013,0.8,0.04,0.0013,20,2048,512,1,1,1,1,1,1
w0.8_i0.049_o0.0027,0.8,0.049,0.0027,20,2048,512,1,1,1,1,1,1
w0.8_i0.061_o0.0047,0.8,0.061,0.0047,20,2048,512,1,1,1,1,1,1
w0.8_i0.069_o0.0061,0.8,0.069,0.0061,20,2048,512,1,1,1,1,1,1
w0.8_i0.08_o0.0081,0.8,0.08,0.0081,20,2048,512,1,1,1,1,1,1
w0.8_i0.09_o0.0104,0.8,0.09,0.0104,20,2048,512,1,1,1,1,1,1
w0.8_i0.1_o0.0127,0.8,0.1,0.0127,20,2048,512,1,1,1,1,1,1
w0.8_i0.11_o0.0143,0.8,0.11,0.0143,20,2048,512,1,1,1,1,1,1
w0.8_i0.121_o0.017,0.8,0.121,0.017,20,2048,512,1,1,1,1,1,1
w0.8_i0.129_o0.0187,0.8,0.129,0.0187,20,2048,512,1,1,1,1,1,1
w0.8_i0.141_o0.0214,0.8,0.141,0.0214,20,2048,512,1,1,1,1,1,1
w0.8_i0.149_o0.0236,0.8,0.149,0.0236,20,2048,512,1,1,1,1,1,1
w0.8_i0.161_o0.0261,0.8,0.161,0.0261,20,2048,512,1,1,1,1,1,1
w0.8_i0.169_o0.0276,0.8,0.169,0.0276,20,2048,512,1,1,1,1,1,1
w0.8_i0.18_o0.0293,0.8,0.18,0.0293,20,2048,512,1,1,1,1,1,1
w0.8_i0.19_o0.0321,0.8,0.19,0.0321,20,2048,512,1,1,1,1,1,1
w0.8_i0.202_o0.0339,0.8,0.202,0.0339,20,2048,512,1,1,1,1,1,1
w0.8_i0.211_o0.0352,0.8,0.211,0.0352,20,2048,512,1,1,1,1,1,1
w0.8_i0.221_o0.0388,0.8,0.221,0.0388,20,2048,512,1,1,1,1,1,1
w0.8_i0.228_o0.0396,0.8,0.228,0.0396,20,2048,512,1,1,1,1,1,1
w0.8_i0.24_o0.0421,0.8,0.24,0.0421,20,2048,512,1,1,1,1,1,1
w0.8_i0.25_o0.0438,0.8,0.25,0.0438,20,2048,512,1,1,1,1,1,1
w0.8_i0.26_o0.0462,0.8,0.26,0.0462,20,2048,512,1,1,1,1,1,1
w0.8_i0.27_o0.0468,0.8,0.27,0.0468,20,2048,512,1,1,1,1,1,1
w0.8_i0.281_o0.0496,0.8,0.281,0.0496,20,2048,512,1,1,1,1,1,1
w0.8_i0.291_o0.0521,0.8,0.291,0.0521,20,2048,512,1,1,1,1,1,1
w0.8_i0.299_o0.0539,0.8,0.299,0.0539,20,2048,512,1,1,1,1,1,1
w0.8_i0.311_o0.0559,0.8,0.311,0.0559,20,2048,512,1,1,1,1,1,1
w0.8_i0.32_o0.0574,0.8,0.32,0.0574,20,2048,512,1,1,1,1,1,1
w0.8_i0.33_o0.0583,0.8,0.33,0.0583,20,2048,512,1,1,1,1,1,1
w0.8_i0.341_o0.0604,0.8,0.341,0.0604,20,2048,512,1,1,1,1,1,1
w0.8_i0.35_o0.0628,0.8,0.35,0.0628,20,2048,512,1,1,1,1,1,1
w0.8_i0.36_o0.0641,0.8,0.36,0.0641,20,2048,512,1,1,1,1,1,1
w0.8_i0.368_o0.0654,0.8,0.368,0.0654,20,2048,512,1,1,1,1,1,1
w0.8_i0.38_o0.0664,0.8,0.38,0.0664,20,2048,512,1,1,1,1,1,1
w0.8_i0.389_o0.0687,0.8,0.389,0.0687,20,2048,512,1,1,1,1,1,1
w0.8_i0.402_o0.0704,0.8,0.402,0.0704,20,2048,512,1,1,1,1,1,1
w0.8_i0.408_o0.0723,0.8,0.408,0.0723,20,2048,512,1,1,1,1,1,1
w0.8_i0.42_o0.0748,0.8,0.42,0.0748,20,2048,512,1,1,1,1,1,1
w0.8_i0.431_o0.0766,0.8,0.431,0.0766,20,2048,512,1,1,1,1,1,1
w0.8_i0.439_o0.0786,0.8,0.439,0.0786,20,2048,512,1,1,1,1,1,1
w0.8_i0.449_o0.0791,0.8,0.449,0.0791,20,2048,512,1,1,1,1,1,1
w0.8_i0.459_o0.0824,0.8,0.459,0.0824,20,2048,512,1,1,1,1,1,1
w0.8_i0.469_o0.0822,0.8,0.469,0.0822,20,2048,512,1,1,1,1,1,1
w0.8_i0.479_o0.084,0.8,0.479,0.084,20,2048,512,1,1,1,1,1,1
w0.8_i0.488_o0.0882,0.8,0.488,0.0882,20,2048,512,1,1,1,1,1,1
w0.8_i0.5_o0.0884,0.8,0.5,0.0884,20,2048,512,1,1,1,1,1,1
w0.8_i0.509_o0.0899,0.8,0.509,0.0899,20,2048,512,1,1,1,1,1,1
w0.8_i0.519_o0.0925,0.8,0.519,0.0925,20,2048,512,1,1,1,1,1,1
w0.8_i0.532_o0.094,0.8,0.532,0.094,20,2048,512,1,1,1,1,1,1
w0.8_i0.54_o0.0953,0.8,0.54,0.0953,20,2048,512,1,1,1,1,1,1
w0.8_i0.55_o0.0965,0.8,0.55,0.0965,20,2048,512,1,1,1,1,1,1
w0.8_i0.558_o0.0976,0.8,0.558,0.0976,20,2048,512,1,1,1,1,1,1
w0.8_i0.57_o0.0997,0.8,0.57,0.0997,20,2048,512,1,1,1,1,1,1
w0.8_i0.577_o0.1021,0.8,0.577,0.1021,20,2048,512,1,1,1,1,1,1
w0.8_i0.591_o0.1032,0.8,0.591,0.1032,20,2048,512,1,1,1,1,1,1
w0.8_i0.6_o0.1054,0.8,0.6,0.1054,20,2048,512,1,1,1,1,1,1
w0.8_i0.611_o0.1059,0.8,0.611,0.1059,20,2048,512,1,1,1,1,1,1
w0.8_i0.618_o0.1081,0.8,0.618,0.1081,20,2048,512,1,1,1,1,1,1
w0.8_i0.631_o0.1094,0.8,0.631,0.1094,20,2048,512,1,1,1,1,1,1
w0.8_i0.639_o0.1112,0.8,0.639,0.1112,20,2048,512,1,1,1,1,1,1
w0.8_i0.648_o0.1119,0.8,0.648,0.1119,20,2048,512,1,1,1,1,1,1
w0.8_i0.66_o0.1135,0.8,0.66,0.1135,20,2048,512,1,1,1,1,1,1
w0.8_i0.669_o0.1158,0.8,0.669,0.1158,20,2048,512,1,1,1,1,1,1
w0.8_i0.68_o0.1172,0.8,0.68,0.1172,20,2048,512,1,1,1,1,1,1
w0.8_i0.69_o0.1196,0.8,0.69,0.1196,20,2048,512,1,1,1,1,1,1
w0.8_i0.7_o0.1204,0.8,0.7,0.1204,20,2048,512,1,1,1,1,1,1
w0.8_i0.709_o0.1201,0.8,0.709,0.1201,20,2048,512,1,1,1,1,1,1
w0.8_i0.72_o0.1246,0.8,0.72,0.1246,20,2048,512,1,1,1,1,1,1
w0.8_i0.73_o0.1256,0.8,0.73,0.1256,20,2048,512,1,1,1,1,1,1
w0.8_i0.74_o0.1268,0.8,0.74,0.1268,20,2048,512,1,1,1,1,1,1
w0.8_i0.749_o0.1299,0.8,0.749,0.1299,20,2048,512,1,1,1,1,1,1
w0.8_i0.758_o0.13,0.8,0.758,0.13,20,2048,512,1,1,1,1,1,1
w0.8_i0.77_o0.1312,0.8,0.77,0.1312,20,2048,512,1,1,1,1,1,1
w0.8_i0.779_o0.1336,0.8,0.779,0.1336,20,2048,512,1,1,1,1,1,1
w0.8_i0.791_o0.1363,0.8,0.791,0.1363,20,2048,512,1,1,1,1,1,1
w0.8_i0.801_o0.1378,0.8,0.801,0.1378,20,2048,512,1,1,1,1,1,1
w0.8_i0.808_o0.1385,0.8,0.808,0.1385,20,2048,512,1,1,1,1,1,1
w0.8_i0.821_o0.1412,0.8,0.821,0.1412,20,2048,512,1,1,1,1,1,1
w0.8_i0.83_o0.1426,0.8,0.83,0.1426,20,2048,512,1,1,1,1,1,1
w0.8_i0.84_o0.144,0.8,0.84,0.144,20,2048,512,1,1,1,1,1,1
w0.8_i0.85_o0.1464,0.8,0.85,0.1464,20,2048,512,1,1,1,1,1,1
w0.8_i0.86_o0.147,0.8,0.86,0.147,20,2048,512,1,1,1,1,1,1
w0.8_i0.868_o0.1479,0.8,0.868,0.1479,20,2048,512,1,1,1,1,1,1
w0.8_i0.88_o0.1506,0.8,0.88,0.1506,20,2048,512,1,1,1,1,1,1
w0.8_i0.889_o0.1529,0.8,0.889,0.1529,20,2048,512,1,1,1,1,1,1
w0.8_i0.901_o0.1536,0.8,0.901,0.1536,20,2048,512,1,1,1,1,1,1
w0.8_i0.91_o0.1559,0.8,0.91,0.1559,20,2048,512,1,1,1,1,1,1
w0.8_i0.919_o0.1567,0.8,0.919,0.1567,20,2048,512,1,1,1,1,1,1
w0.8_i0.93_o0.1596,0.8,0.93,0.1596,20,2048,512,1,1,1,1,1,1
w0.8_i0.94_o0.161,0.8,0.94,0.161,20,2048,512,1,1,1,1,1,1
w0.8_i0.95_o0.163,0.8,0.95,0.163,20,2048,512,1,1,1,1,1,1
w0.8_i0.961_o0.1643,0.8,0.961,0.1643,20,2048,512,1,1,1,1,1,1
w0.8_i0.97_o0.1659,0.8,0.97,0.1659,20,2048,512,1,1,1,1,1,1
w0.8_i0.98_o0.1682,0.8,0.98,0.1682,20,2048,512,1,1,1,1,1,1
w0.8_i0.99_o0.1696,0.8,0.99,0.1696,20,2048,512,1,1,1,1,1,1
w0.6_i0.01_o0.0,0.6,0.01,0.0,20,2048,512,1,1,1,1,1,1
w0.6_i0.02_o0.0002,0.6,0.02,0.0002,20,2048,512,1,1,1,1,1,1
w0.6_i0.03_o0.0006,0.6,0.03,0.0006,20,2048,512,1,1,1,1,1,1
w0.6_i0.04_o0.0026,0.6,0.04,0.0026,20,2048,512,1,1,1,1,1,1
w0.6_i0.05_o0.0041,0.6,0.05,0.0041,20,2048,512,1,1,1,1,1,1
w0.6_i0.06_o0.0065,0.6,0.06,0.0065,20,2048,512,1,1,1,1,1,1
w0.6_i0.07_o0.0095,0.6,0.07,0.0095,20,2048,512,1,1,1,1,1,1
w0.6_i0.081_o0.0121,0.6,0.081,0.0121,20,2048,512,1,1,1,1,1,1
w0.6_i0.09_o0.0146,0.6,0.09,0.0146,20,2048,512,1,1,1,1,1,1
w0.6_i0.099_o0.0167,0.6,0.099,0.0167,20,2048,512,1,1,1,1,1,1
w0.6_i0.11_o0.0191,0.6,0.11,0.0191,20,2048,512,1,1,1,1,1,1
w0.6_i0.119_o0.0214,0.6,0.119,0.0214,20,2048,512,1,1,1,1,1,1
w0.6_i0.129_o0.0239,0.6,0.129,0.0239,20,2048,512,1,1,1,1,1,1
w0.6_i0.138_o0.0255,0.6,0.138,0.0255,20,2048,512,1,1,1,1,1,1
w0.6_i0.152_o0.0303,0.6,0.152,0.0303,20,2048,512,1,1,1,1,1,1
w0.6_i0.16_o0.0309,0.6,0.16,0.0309,20,2048,512,1,1,1,1,1,1
w0.6_i0.17_o0.0342,0.6,0.17,0.0342,20,2048,512,1,1,1,1,1,1
w0.6_i0.18_o0.035,0.6,0.18,0.035,20,2048,512,1,1,1,1,1,1
w0.6_i0.189_o0.0376,0.6,0.189,0.0376,20,2048,512,1,1,1,1,1,1
w0.6_i0.199_o0.0386,0.6,0.199,0.0386,20,2048,512,1,1,1,1,1,1
w0.6_i0.211_o0.0415,0.6,0.211,0.0415,20,2048,512,1,1,1,1,1,1
w0.6_i0.219_o0.0431,0.6,0.219,0.0431,20,2048,512,1,1,1,1,1,1
w0.6_i0.228_o0.0463,0.6,0.228,0.0463,20,2048,512,1,1,1,1,1,1
w0.6_i0.24_o0.0487,0.6,0.24,0.0487,20,2048,512,1,1,1,1,1,1
w0.6_i0.249_o0.0503,0.6,0.249,0.0503,20,2048,512,1,1,1,1,1,1
w0.6_i0.261_o0.0532,0.6,0.261,0.0532,20,2048,512,1,1,1,1,1,1
w0.6_i0.27_o0.054,0.6,0.27,0.054,20,2048,512,1,1,1,1,1,1
w0.6_i0.281_o0.0564,0.6,0.281,0.0564,20,2048,512,1,1,1,1,1,1
w0.6_i0.29_o0.0596,0.6,0.29,0.0596,20,2048,512,1,1,1,1,1,1
w0.6_i0.3_o0.0592,0.6,0.3,0.0592,20,2048,512,1,1,1,1,1,1
w0.6_i0.31_o0.0635,0.6,0.31,0.0635,20,2048,512,1,1,1,1,1,1
w0.6_i0.321_o0.0637,0.6,0.321,0.0637,20,2048,512,1,1,1,1,1,1
w0.6_i0.329_o0.0659,0.6,0.329,0.0659,20,2048,512,1,1,1,1,1,1
w0.6_i0.342_o0.0674,0.6,0.342,0.0674,20,2048,512,1,1,1,1,1,1
w0.6_i0.35_o0.0697,0.6,0.35,0.0697,20,2048,512,1,1,1,1,1,1
w0.6_i0.36_o0.071,0.6,0.36,0.071,20,2048,512,1,1,1,1,1,1
w0.6_i0.371_o0.0733,0.6,0.371,0.0733,20,2048,512,1,1,1,1,1,1
w0.6_i0.38_o0.0748,0.6,0.38,0.0748,20,2048,512,1,1,1,1,1,1
w0.6_i0.389_o0.0763,0.6,0.389,0.0763,20,2048,512,1,1,1,1,1,1
w0.6_i0.4_o0.0797,0.6,0.4,0.0797,20,2048,512,1,1,1,1,1,1
w0.6_i0.41_o0.0796,0.6,0.41,0.0796,20,2048,512,1,1,1,1,1,1
w0.6_i0.419_o0.0826,0.6,0.419,0.0826,20,2048,512,1,1,1,1,1,1
w0.6_i0.429_o0.0833,0.6,0.429,0.0833,20,2048,512,1,1,1,1,1,1
w0.6_i0.44_o0.086,0.6,0.44,0.086,20,2048,512,1,1,1,1,1,1
w0.6_i0.45_o0.0873,0.6,0.45,0.0873,20,2048,512,1,1,1,1,1,1
w0.6_i0.461_o0.0883,0.6,0.461,0.0883,20,2048,512,1,1,1,1,1,1
w0.6_i0.471_o0.0914,0.6,0.471,0.0914,20,2048,512,1,1,1,1,1,1
w0.6_i0.479_o0.0912,0.6,0.479,0.0912,20,2048,512,1,1,1,1,1,1
w0.6_i0.491_o0.093,0.6,0.491,0.093,20,2048,512,1,1,1,1,1,1
w0.6_i0.498_o0.0957,0.6,0.498,0.0957,20,2048,512,1,1,1,1,1,1
w0.6_i0.511_o0.0974,0.6,0.511,0.0974,20,2048,512,1,1,1,1,1,1
w0.6_i0.522_o0.0998,0.6,0.522,0.0998,20,2048,512,1,1,1,1,1,1
w0.6_i0.53_o0.1011,0.6,0.53,0.1011,20,2048,512,1,1,1,1,1,1
w0.6_i0.54_o0.1026,0.6,0.54,0.1026,20,2048,512,1,1,1,1,1,1
w0.6_i0.551_o0.1062,0.6,0.551,0.1062,20,2048,512,1,1,1,1,1,1
w0.6_i0.559_o0.106,0.6,0.559,0.106,20,2048,512,1,1,1,1,1,1
w0.6_i0.568_o0.1065,0.6,0.568,0.1065,20,2048,512,1,1,1,1,1,1
w0.6_i0.581_o0.1087,0.6,0.581,0.1087,20,2048,512,1,1,1,1,1,1
w0.6_i0.59_o0.1115,0.6,0.59,0.1115,20,2048,512,1,1,1,1,1,1
w0.6_i0.6_o0.1114,0.6,0.6,0.1114,20,2048,512,1,1,1,1,1,1
w0.6_i0.612_o0.1155,0.6,0.612,0.1155,20,2048,512,1,1,1,1,1,1
w0.6_i0.62_o0.1168,0.6,0.62,0.1168,20,2048,512,1,1,1,1,1,1
w0.6_i0.63_o0.1171,0.6,0.63,0.1171,20,2048,512,1,1,1,1,1,1
w0.6_i0.639_o0.1192,0.6,0.639,0.1192,20,2048,512,1,1,1,1,1,1
w0.6_i0.65_o0.1222,0.6,0.65,0.1222,20,2048,512,1,1,1,1,1,1
w0.6_i0.66_o0.1214,0.6,0.66,0.1214,20,2048,512,1,1,1,1,1,1
w0.6_i0.669_o0.1255,0.6,0.669,0.1255,20,2048,512,1,1,1,1,1,1
w0.6_i0.681_o0.1269,0.6,0.681,0.1269,20,2048,512,1,1,1,1,1,1
w0.6_i0.691_o0.1277,0.6,0.691,0.1277,20,2048,512,1,1,1,1,1,1
w0.6_i0.698_o0.1299,0.6,0.698,0.1299,20,2048,512,1,1,1,1,1,1
w0.6_i0.71_o0.1312,0.6,0.71,0.1312,20,2048,512,1,1,1,1,1,1
w0.6_i0.721_o0.133,0.6,0.721,0.133,20,2048,512,1,1,1,1,1,1
w0.6_i0.729_o0.1337,0.6,0.729,0.1337,20,2048,512,1,1,1,1,1,1
w0.6_i0.738_o0.1359,0.6,0.738,0.1359,20,2048,512,1,1,1,1,1,1
w0.6_i0.748_o0.136,0.6,0.748,0.136,20,2048,512,1,1,1,1,1,1
w0.6_i0.759_o0.139,0.6,0.759,0.139,20,2048,512,1,1,1,1,1,1
w0.6_i0.772_o0.1418,0.6,0.772,0.1418,20,2048,512,1,1,1,1,1,1
w0.6_i0.78_o0.1428,0.6,0.78,0.1428,20,2048,512,1,1,1,1,1,1
w0.6_i0.79_o0.1455,0.6,0.79,0.1455,20,2048,512,1,1,1,1,1,1
w0.6_i0.802_o0.1468,0.6,0.802,0.1468,20,2048,512,1,1,1,1,1,1
w0.6_i0.809_o0.1477,0.6,0.809,0.1477,20,2048,512,1,1,1,1,1,1
w0.6_i0.821_o0.149,0.6,0.821,0.149,20,2048,512,1,1,1,1,1,1
w0.6_i0.829_o0.1508,0.6,0.829,0.1508,20,2048,512,1,1,1,1,1,1
w0.6_i0.841_o0.1541,0.6,0.841,0.1541,20,2048,512,1,1,1,1,1,1
w0.6_i0.851_o0.1572,0.6,0.851,0.1572,20,2048,512,1,1,1,1,1,1
w0.6_i0.86_o0.1574,0.6,0.86,0.1574,20,2048,512,1,1,1,1,1,1
w0.6_i0.869_o0.1589,0.6,0.869,0.1589,20,2048,512,1,1,1,1,1,1
w0.6_i0.882_o0.1615,0.6,0.882,0.1615,20,2048,512,1,1,1,1,1,1
w0.6_i0.89_o0.1627,0.6,0.89,0.1627,20,2048,512,1,1,1,1,1,1
w0.6_i0.899_o0.1647,0.6,0.899,0.1647,20,2048,512,1,1,1,1,1,1
w0.6_i0.91_o0.1675,0.6,0.91,0.1675,20,2048,512,1,1,1,1,1,1
w0.6_i0.921_o0.1694,0.6,0.921,0.1694,20,2048,512,1,1,1,1,1,1
w0.6_i0.932_o0.1722,0.6,0.932,0.1722,20,2048,512,1,1,1,1,1,1
w0.6_i0.94_o0.174,0.6,0.94,0.174,20,2048,512,1,1,1,1,1,1
w0.6_i0.95_o0.1762,0.6,0.95,0.1762,20,2048,512,1,1,1,1,1,1
w0.6_i0.96_o0.1788,0.6,0.96,0.1788,20,2048,512,1,1,1,1,1,1
w0.6_i0.97_o0.1808,0.6,0.97,0.1808,20,2048,512,1,1,1,1,1,1
w0.6_i0.98_o0.1834,0.6,0.98,0.1834,20,2048,512,1,1,1,1,1,1
w0.6_i0.99_o0.1868,0.6,0.99,0.1868,20,2048,512,1,1,1,1,1,1
w0.5_i0.01_o0.0,0.5,0.01,0.0,20,2048,512,1,1,1,1,1,1
w0.5_i0.02_o0.0004,0.5,0.02,0.0004,20,2048,512,1,1,1,1,1,1
w0.5_i0.03_o0.0014,0.5,0.03,0.0014,20,2048,512,1,1,1,1,1,1
w0.5_i0.04_o0.0035,0.5,0.04,0.0035,20,2048,512,1,1,1,1,1,1
w0.5_i0.05_o0.0069,0.5,0.05,0.0069,20,2048,512,1,1,1,1,1,1
w0.5_i0.06_o0.009,0.5,0.06,0.009,20,2048,512,1,1,1,1,1,1
w0.5_i0.071_o0.0123,0.5,0.071,0.0123,20,2048,512,1,1,1,1,1,1
w0.5_i0.079_o0.0145,0.5,0.079,0.0145,20,2048,512,1,1,1,1,1,1
w0.5_i0.09_o0.0176,0.5,0.09,0.0176,20,2048,512,1,1,1,1,1,1
w0.5_i0.099_o0.0209,0.5,0.099,0.0209,20,2048,512,1,1,1,1,1,1
w0.5_i0.11_o0.023,0.5,0.11,0.023,20,2048,512,1,1,1,1,1,1
w0.5_i0.12_o0.0268,0.5,0.12,0.0268,20,2048,512,1,1,1,1,1,1
w0.5_i0.129_o0.0283,0.5,0.129,0.0283,20,2048,512,1,1,1,1,1,1
w0.5_i0.141_o0.03,0.5,0.141,0.03,20,2048,512,1,1,1,1,1,1
w0.5_i0.149_o0.034,0.5,0.149,0.034,20,2048,512,1,1,1,1,1,1
w0.5_i0.16_o0.0364,0.5,0.16,0.0364,20,2048,512,1,1,1,1,1,1
w0.5_i0.171_o0.0396,0.5,0.171,0.0396,20,2048,512,1,1,1,1,1,1
w0.5_i0.181_o0.0415,0.5,0.181,0.0415,20,2048,512,1,1,1,1,1,1
w0.5_i0.19_o0.0435,0.5,0.19,0.0435,20,2048,512,1,1,1,1,1,1
w0.5_i0.199_o0.0457,0.5,0.199,0.0457,20,2048,512,1,1,1,1,1,1
w0.5_i0.211_o0.0485,0.5,0.211,0.0485,20,2048,512,1,1,1,1,1,1
w0.5_i0.219_o0.0505,0.5,0.219,0.0505,20,2048,512,1,1,1,1,1,1
w0.5_i0.23_o0.0531,0.5,0.23,0.0531,20,2048,512,1,1,1,1,1,1
w0.5_i0.24_o0.0548,0.5,0.24,0.0548,20,2048,512,1,1,1,1,1,1
w0.5_i0.249_o0.0583,0.5,0.249,0.0583,20,2048,512,1,1,1,1,1,1
w0.5_i0.259_o0.0599,0.5,0.259,0.0599,20,2048,512,1,1,1,1,1,1
w0.5_i0.272_o0.061,0.5,0.272,0.061,20,2048,512,1,1,1,1,1,1
w0.5_i0.279_o0.0638,0.5,0.279,0.0638,20,2048,512,1,1,1,1,1,1
w0.5_i0.29_o0.0666,0.5,0.29,0.0666,20,2048,512,1,1,1,1,1,1
w0.5_i0.299_o0.0678,0.5,0.299,0.0678,20,2048,512,1,1,1,1,1,1
w0.5_i0.311_o0.0694,0.5,0.311,0.0694,20,2048,512,1,1,1,1,1,1
w0.5_i0.322_o0.0733,0.5,0.322,0.0733,20,2048,512,1,1,1,1,1,1
w0.5_i0.329_o0.0737,0.5,0.329,0.0737,20,2048,512,1,1,1,1,1,1
w0.5_i0.34_o0.0775,0.5,0.34,0.0775,20,2048,512,1,1,1,1,1,1
w0.5_i0.35_o0.0789,0.5,0.35,0.0789,20,2048,512,1,1,1,1,1,1
w0.5_i0.359_o0.0801,0.5,0.359,0.0801,20,2048,512,1,1,1,1,1,1
w0.5_i0.37_o0.0824,0.5,0.37,0.0824,20,2048,512,1,1,1,1,1,1
w0.5_i0.381_o0.0845,0.5,0.381,0.0845,20,2048,512,1,1,1,1,1,1
w0.5_i0.389_o0.0875,0.5,0.389,0.0875,20,2048,512,1,1,1,1,1,1
w0.5_i0.399_o0.0897,0.5,0.399,0.0897,20,2048,512,1,1,1,1,1,1
w0.5_i0.41_o0.0914,0.5,0.41,0.0914,20,2048,512,1,1,1,1,1,1
w0.5_i0.421_o0.0929,0.5,0.421,0.0929,20,2048,512,1,1,1,1,1,1
w0.5_i0.43_o0.0961,0.5,0.43,0.0961,20,2048,512,1,1,1,1,1,1
w0.5_i0.439_o0.0957,0.5,0.439,0.0957,20,2048,512,1,1,1,1,1,1
w0.5_i0.451_o0.1001,0.5,0.451,0.1001,20,2048,512,1,1,1,1,1,1
w0.5_i0.458_o0.1013,0.5,0.458,0.1013,20,2048,512,1,1,1,1,1,1
w0.5_i0.471_o0.1053,0.5,0.471,0.1053,20,2048,512,1,1,1,1,1,1
w0.5_i0.478_o0.1052,0.5,0.478,0.1052,20,2048,512,1,1,1,1,1,1
w0.5_i0.489_o0.1049,0.5,0.489,0.1049,20,2048,512,1,1,1,1,1,1
w0.5_i0.501_o0.1087,0.5,0.501,0.1087,20,2048,512,1,1,1,1,1,1
w0.5_i0.509_o0.1113,0.5,0.509,0.1113,20,2048,512,1,1,1,1,1,1
w0.5_i0.519_o0.1126,0.5,0.519,0.1126,20,2048,512,1,1,1,1,1,1
w0.5_i0.528_o0.1145,0.5,0.528,0.1145,20,2048,512,1,1,1,1,1,1
w0.5_i0.539_o0.1167,0.5,0.539,0.1167,20,2048,512,1,1,1,1,1,1
w0.5_i0.549_o0.1192,0.5,0.549,0.1192,20,2048,512,1,1,1,1,1,1
w0.5_i0.561_o0.1204,0.5,0.561,0.1204,20,2048,512,1,1,1,1,1,1
w0.5_i0.569_o0.1223,0.5,0.569,0.1223,20,2048,512,1,1,1,1,1,1
w0.5_i0.582_o0.1236,0.5,0.582,0.1236,20,2048,512,1,1,1,1,1,1
w0.5_i0.591_o0.1286,0.5,0.591,0.1286,20,2048,512,1,1,1,1,1,1
w0.5_i0.599_o0.1279,0.5,0.599,0.1279,20,2048,512,1,1,1,1,1,1
w0.5_i0.61_o0.1327,0.5,0.61,0.1327,20,2048,512,1,1,1,1,1,1
w0.5_i0.621_o0.1343,0.5,0.621,0.1343,20,2048,512,1,1,1,1,1,1
w0.5_i0.63_o0.1346,0.5,0.63,0.1346,20,2048,512,1,1,1,1,1,1
w0.5_i0.641_o0.1377,0.5,0.641,0.1377,20,2048,512,1,1,1,1,1,1
w0.5_i0.651_o0.1376,0.5,0.651,0.1376,20,2048,512,1,1,1,1,1,1
w0.5_i0.662_o0.1411,0.5,0.662,0.1411,20,2048,512,1,1,1,1,1,1
w0.5_i0.67_o0.1425,0.5,0.67,0.1425,20,2048,512,1,1,1,1,1,1
w0.5_i0.68_o0.1422,0.5,0.68,0.1422,20,2048,512,1,1,1,1,1,1
w0.5_i0.69_o0.1455,0.5,0.69,0.1455,20,2048,512,1,1,1,1,1,1
w0.5_i0.701_o0.1475,0.5,0.701,0.1475,20,2048,512,1,1,1,1,1,1
w0.5_i0.71_o0.1485,0.5,0.71,0.1485,20,2048,512,1,1,1,1,1,1
w0.5_i0.719_o0.1506,0.5,0.719,0.1506,20,2048,512,1,1,1,1,1,1
w0.5_i0.732_o0.1526,0.5,0.732,0.1526,20,2048,512,1,1,1,1,1,1
w0.5_i0.741_o0.1551,0.5,0.741,0.1551,20,2048,512,1,1,1,1,1,1
w0.5_i0.751_o0.1564,0.5,0.751,0.1564,20,2048,512,1,1,1,1,1,1
w0.5_i0.76_o0.1583,0.5,0.76,0.1583,20,2048,512,1,1,1,1,1,1
w0.5_i0.77_o0.1615,0.5,0.77,0.1615,20,2048,512,1,1,1,1,1,1
w0.5_i0.781_o0.1617,0.5,0.781,0.1617,20,2048,512,1,1,1,1,1,1
w0.5_i0.791_o0.1654,0.5,0.791,0.1654,20,2048,512,1,1,1,1,1,1
w0.5_i0.8_o0.1672,0.5,0.8,0.1672,20,2048,512,1,1,1,1,1,1
w0.5_i0.81_o0.1691,0.5,0.81,0.1691,20,2048,512,1,1,1,1,1,1
w0.5_i0.821_o0.1713,0.5,0.821,0.1713,20,2048,512,1,1,1,1,1,1
w0.5_i0.83_o0.1732,0.5,0.83,0.1732,20,2048,512,1,1,1,1,1,1
w0.5_i0.84_o0.1751,0.5,0.84,0.1751,20,2048,512,1,1,1,1,1,1
w0.5_i0.85_o0.1767,0.5,0.85,0.1767,20,2048,512,1,1,1,1,1,1
w0.5_i0.861_o0.1791,0.5,0.861,0.1791,20,2048,512,1,1,1,1,1,1
w0.5_i0.87_o0.1808,0.5,0.87,0.1808,20,2048,512,1,1,1,1,1,1
w0.5_i0.879_o0.1841,0.5,0.879,0.1841,20,2048,512,1,1,1,1,1,1
w0.5_i0.889_o0.1862,0.5,0.889,0.1862,20,2048,512,1,1,1,1,1,1
w0.5_i0.899_o0.1888,0.5,0.899,0.1888,20,2048,512,1,1,1,1,1,1
w0.5_i0.91_o0.1887,0.5,0.91,0.1887,20,2048,512,1,1,1,1,1,1
w0.5_i0.92_o0.1919,0.5,0.92,0.1919,20,2048,512,1,1,1,1,1,1
w0.5_i0.93_o0.1945,0.5,0.93,0.1945,20,2048,512,1,1,1,1,1,1
w0.5_i0.939_o0.196,0.5,0.939,0.196,20,2048,512,1,1,1,1,1,1
w0.5_i0.951_o0.1995,0.5,0.951,0.1995,20,2048,512,1,1,1,1,1,1
w0.5_i0.961_o0.2021,0.5,0.961,0.2021,20,2048,512,1,1,1,1,1,1
w0.5_i0.971_o0.2054,0.5,0.971,0.2054,20,2048,512,1,1,1,1,1,1
w0.5_i0.98_o0.2088,0.5,0.98,0.2088,20,2048,512,1,1,1,1,1,1
w0.5_i0.99_o0.2141,0.5,0.99,0.2141,20,2048,512,1,1,1,1,1,1
w0.2_i0.01_o0.0005,0.2,0.01,0.0005,20,2048,512,1,1,1,1,1,1
w0.2_i0.02_o0.0046,0.2,0.02,0.0046,20,2048,512,1,1,1,1,1,1
w0.2_i0.03_o0.0101,0.2,0.03,0.0101,20,2048,512,1,1,1,1,1,1
w0.2_i0.04_o0.0153,0.2,0.04,0.0153,20,2048,512,1,1,1,1,1,1
w0.2_i0.051_o0.0221,0.2,0.051,0.0221,20,2048,512,1,1,1,1,1,1
w0.2_i0.061_o0.0266,0.2,0.061,0.0266,20,2048,512,1,1,1,1,1,1
w0.2_i0.071_o0.0319,0.2,0.071,0.0319,20,2048,512,1,1,1,1,1,1
w0.2_i0.081_o0.0347,0.2,0.081,0.0347,20,2048,512,1,1,1,1,1,1
w0.2_i0.091_o0.0404,0.2,0.091,0.0404,20,2048,512,1,1,1,1,1,1
w0.2_i0.101_o0.0444,0.2,0.101,0.0444,20,2048,512,1,1,1,1,1,1
w0.2_i0.109_o0.0485,0.2,0.109,0.0485,20,2048,512,1,1,1,1,1,1
w0.2_i0.119_o0.0517,0.2,0.119,0.0517,20,2048,512,1,1,1,1,1,1
w0.2_i0.131_o0.0587,0.2,0.131,0.0587,20,2048,512,1,1,1,1,1,1
w0.2_i0.14_o0.0596,0.2,0.14,0.0596,20,2048,512,1,1,1,1,1,1
w0.2_i0.149_o0.0637,0.2,0.149,0.0637,20,2048,512,1,1,1,1,1,1
w0.2_i0.162_o0.0661,0.2,0.162,0.0661,20,2048,512,1,1,1,1,1,1
w0.2_i0.171_o0.0701,0.2,0.171,0.0701,20,2048,512,1,1,1,1,1,1
w0.2_i0.18_o0.0761,0.2,0.18,0.0761,20,2048,512,1,1,1,1,1,1
w0.2_i0.189_o0.0782,0.2,0.189,0.0782,20,2048,512,1,1,1,1,1,1
w0.2_i0.199_o0.0828,0.2,0.199,0.0828,20,2048,512,1,1,1,1,1,1
w0.2_i0.21_o0.085,0.2,0.21,0.085,20,2048,512,1,1,1,1,1,1
w0.2_i0.22_o0.0904,0.2,0.22,0.0904,20,2048,512,1,1,1,1,1,1
w0.2_i0.23_o0.0898,0.2,0.23,0.0898,20,2048,512,1,1,1,1,1,1
w0.2_i0.241_o0.0959,0.2,0.241,0.0959,20,2048,512,1,1,1,1,1,1
w0.2_i0.25_o0.0977,0.2,0.25,0.0977,20,2048,512,1,1,1,1,1,1
w0.2_i0.259_o0.1018,0.2,0.259,0.1018,20,2048,512,1,1,1,1,1,1
w0.2_i0.271_o0.1037,0.2,0.271,0.1037,20,2048,512,1,1,1,1,1,1
w0.2_i0.281_o0.1085,0.2,0.281,0.1085,20,2048,512,1,1,1,1,1,1
w0.2_i0.291_o0.1105,0.2,0.291,0.1105,20,2048,512,1,1,1,1,1,1
w0.2_i0.298_o0.1096,0.2,0.298,0.1096,20,2048,512,1,1,1,1,1,1
w0.2_i0.311_o0.1147,0.2,0.311,0.1147,20,2048,512,1,1,1,1,1,1
w0.2_i0.319_o0.1181,0.2,0.319,0.1181,20,2048,512,1,1,1,1,1,1
w0.2_i0.332_o0.1218,0.2,0.332,0.1218,20,2048,512,1,1,1,1,1,1
w0.2_i0.341_o0.1248,0.2,0.341,0.1248,20,2048,512,1,1,1,1,1,1
w0.2_i0.351_o0.1265,0.2,0.351,0.1265,20,2048,512,1,1,1,1,1,1
w0.2_i0.36_o0.1294,0.2,0.36,0.1294,20,2048,512,1,1,1,1,1,1
w0.2_i0.371_o0.1336,0.2,0.371,0.1336,20,2048,512,1,1,1,1,1,1
w0.2_i0.381_o0.1355,0.2,0.381,0.1355,20,2048,512,1,1,1,1,1,1
w0.2_i0.39_o0.1355,0.2,0.39,0.1355,20,2048,512,1,1,1,1,1,1
w0.2_i0.401_o0.1415,0.2,0.401,0.1415,20,2048,512,1,1,1,1,1,1
w0.2_i0.411_o0.1425,0.2,0.411,0.1425,20,2048,512,1,1,1,1,1,1
w0.2_i0.419_o0.1469,0.2,0.419,0.1469,20,2048,512,1,1,1,1,1,1
w0.2_i0.429_o0.1477,0.2,0.429,0.1477,20,2048,512,1,1,1,1,1,1
w0.2_i0.441_o0.1549,0.2,0.441,0.1549,20,2048,512,1,1,1,1,1,1
w0.2_i0.45_o0.1537,0.2,0.45,0.1537,20,2048,512,1,1,1,1,1,1
w0.2_i0.461_o0.1544,0.2,0.461,0.1544,20,2048,512,1,1,1,1,1,1
w0.2_i0.471_o0.1597,0.2,0.471,0.1597,20,2048,512,1,1,1,1,1,1
w0.2_i0.48_o0.1632,0.2,0.48,0.1632,20,2048,512,1,1,1,1,1,1
w0.2_i0.489_o0.1631,0.2,0.489,0.1631,20,2048,512,1,1,1,1,1,1
w0.2_i0.499_o0.1662,0.2,0.499,0.1662,20,2048,512,1,1,1,1,1,1
w0.2_i0.51_o0.1682,0.2,0.51,0.1682,20,2048,512,1,1,1,1,1,1
w0.2_i0.52_o0.1723,0.2,0.52,0.1723,20,2048,512,1,1,1,1,1,1
w0.2_i0.531_o0.175,0.2,0.531,0.175,20,2048,512,1,1,1,1,1,1
w0.2_i0.539_o0.1777,0.2,0.539,0.1777,20,2048,512,1,1,1,1,1,1
w0.2_i0.549_o0.1786,0.2,0.549,0.1786,20,2048,512,1,1,1,1,1,1
w0.2_i0.559_o0.1817,0.2,0.559,0.1817,20,2048,512,1,1,1,1,1,1
w0.2_i0.57_o0.1846,0.2,0.57,0.1846,20,2048,512,1,1,1,1,1,1
w0.2_i0.579_o0.1844,0.2,0.579,0.1844,20,2048,512,1,1,1,1,1,1
w0.2_i0.59_o0.1896,0.2,0.59,0.1896,20,2048,512,1,1,1,1,1,1
w0.2_i0.599_o0.1911,0.2,0.599,0.1911,20,2048,512,1,1,1,1,1,1
w0.2_i0.611_o0.1963,0.2,0.611,0.1963,20,2048,512,1,1,1,1,1,1
w0.2_i0.62_o0.1969,0.2,0.62,0.1969,20,2048,512,1,1,1,1,1,1
w0.2_i0.63_o0.2027,0.2,0.63,0.2027,20,2048,512,1,1,1,1,1,1
w0.2_i0.639_o0.2,0.2,0.639,0.2,20,2048,512,1,1,1,1,1,1
w0.2_i0.648_o0.2056,0.2,0.648,0.2056,20,2048,512,1,1,1,1,1,1
w0.2_i0.66_o0.2074,0.2,0.66,0.2074,20,2048,512,1,1,1,1,1,1
w0.2_i0.667_o0.2081,0.2,0.667,0.2081,20,2048,512,1,1,1,1,1,1
w0.2_i0.68_o0.2118,0.2,0.68,0.2118,20,2048,512,1,1,1,1,1,1
w0.2_i0.689_o0.2149,0.2,0.689,0.2149,20,2048,512,1,1,1,1,1,1
w0.2_i0.699_o0.2176,0.2,0.699,0.2176,20,2048,512,1,1,1,1,1,1
w0.2_i0.709_o0.2186,0.2,0.709,0.2186,20,2048,512,1,1,1,1,1,1
w0.2_i0.719_o0.2224,0.2,0.719,0.2224,20,2048,512,1,1,1,1,1,1
w0.2_i0.73_o0.2257,0.2,0.73,0.2257,20,2048,512,1,1,1,1,1,1
w0.2_i0.741_o0.2272,0.2,0.741,0.2272,20,2048,512,1,1,1,1,1,1
w0.2_i0.753_o0.2307,0.2,0.753,0.2307,20,2048,512,1,1,1,1,1,1
w0.2_i0.759_o0.2316,0.2,0.759,0.2316,20,2048,512,1,1,1,1,1,1
w0.2_i0.769_o0.2344,0.2,0.769,0.2344,20,2048,512,1,1,1,1,1,1
w0.2_i0.782_o0.2395,0.2,0.782,0.2395,20,2048,512,1,1,1,1,1,1
w0.2_i0.792_o0.2406,0.2,0.792,0.2406,20,2048,512,1,1,1,1,1,1
w0.2_i0.799_o0.2431,0.2,0.799,0.2431,20,2048,512,1,1,1,1,1,1
w0.2_i0.81_o0.2467,0.2,0.81,0.2467,20,2048,512,1,1,1,1,1,1
w0.2_i0.821_o0.2483,0.2,0.821,0.2483,20,2048,512,1,1,1,1,1,1
w0.2_i0.829_o0.2506,0.2,0.829,0.2506,20,2048,512,1,1,1,1,1,1
w0.2_i0.84_o0.2548,0.2,0.84,0.2548,20,2048,512,1,1,1,1,1,1
w0.2_i0.85_o0.2562,0.2,0.85,0.2562,20,2048,512,1,1,1,1,1,1
w0.2_i0.86_o0.2606,0.2,0.86,0.2606,20,2048,512,1,1,1,1,1,1
w0.2_i0.869_o0.2629,0.2,0.869,0.2629,20,2048,512,1,1,1,1,1,1
w0.2_i0.879_o0.2655,0.2,0.879,0.2655,20,2048,512,1,1,1,1,1,1
w0.2_i0.892_o0.2674,0.2,0.892,0.2674,20,2048,512,1,1,1,1,1,1
w0.2_i0.9_o0.2717,0.2,0.9,0.2717,20,2048,512,1,1,1,1,1,1
w0.2_i0.909_o0.2753,0.2,0.909,0.2753,20,2048,512,1,1,1,1,1,1
w0.2_i0.92_o0.2779,0.2,0.92,0.2779,20,2048,512,1,1,1,1,1,1
w0.2_i0.929_o0.2809,0.2,0.929,0.2809,20,2048,512,1,1,1,1,1,1
w0.2_i0.94_o0.2846,0.2,0.94,0.2846,20,2048,512,1,1,1,1,1,1
w0.2_i0.949_o0.2869,0.2,0.949,0.2869,20,2048,512,1,1,1,1,1,1
w0.2_i0.961_o0.2929,0.2,0.961,0.2929,20,2048,512,1,1,1,1,1,1
w0.2_i0.971_o0.2944,0.2,0.971,0.2944,20,2048,512,1,1,1,1,1,1
w0.2_i0.98_o0.2976,0.2,0.98,0.2976,20,2048,512,1,1,1,1,1,1
w0.2_i0.99_o0.3029,0.2,0.99,0.3029,20,2048,512,1,1,1,1,1,1
w0.1_i0.01_o0.0043,0.1,0.01,0.0043,20,2048,512,1,1,1,1,1,1
w0.1_i0.02_o0.0123,0.1,0.02,0.0123,20,2048,512,1,1,1,1,1,1
w0.1_i0.031_o0.022,0.1,0.031,0.022,20,2048,512,1,1,1,1,1,1
w0.1_i0.04_o0.03,0.1,0.04,0.03,20,2048,512,1,1,1,1,1,1
w0.1_i0.05_o0.0363,0.1,0.05,0.0363,20,2048,512,1,1,1,1,1,1
w0.1_i0.059_o0.0427,0.1,0.059,0.0427,20,2048,512,1,1,1,1,1,1
w0.1_i0.069_o0.0465,0.1,0.069,0.0465,20,2048,512,1,1,1,1,1,1
w0.1_i0.079_o0.0552,0.1,0.079,0.0552,20,2048,512,1,1,1,1,1,1
w0.1_i0.09_o0.0608,0.1,0.09,0.0608,20,2048,512,1,1,1,1,1,1
w0.1_i0.101_o0.0684,0.1,0.101,0.0684,20,2048,512,1,1,1,1,1,1
w0.1_i0.109_o0.0714,0.1,0.109,0.0714,20,2048,512,1,1,1,1,1,1
w0.1_i0.121_o0.0728,0.1,0.121,0.0728,20,2048,512,1,1,1,1,1,1
w0.1_i0.13_o0.0805,0.1,0.13,0.0805,20,2048,512,1,1,1,1,1,1
w0.1_i0.14_o0.0838,0.1,0.14,0.0838,20,2048,512,1,1,1,1,1,1
w0.1_i0.15_o0.0887,0.1,0.15,0.0887,20,2048,512,1,1,1,1,1,1
w0.1_i0.16_o0.0936,0.1,0.16,0.0936,20,2048,512,1,1,1,1,1,1
w0.1_i0.171_o0.0998,0.1,0.171,0.0998,20,2048,512,1,1,1,1,1,1
w0.1_i0.18_o0.101,0.1,0.18,0.101,20,2048,512,1,1,1,1,1,1
w0.1_i0.188_o0.1028,0.1,0.188,0.1028,20,2048,512,1,1,1,1,1,1
w0.1_i0.201_o0.1101,0.1,0.201,0.1101,20,2048,512,1,1,1,1,1,1
w0.1_i0.21_o0.1136,0.1,0.21,0.1136,20,2048,512,1,1,1,1,1,1
w0.1_i0.221_o0.1185,0.1,0.221,0.1185,20,2048,512,1,1,1,1,1,1
w0.1_i0.23_o0.1209,0.1,0.23,0.1209,20,2048,512,1,1,1,1,1,1
w0.1_i0.24_o0.1239,0.1,0.24,0.1239,20,2048,512,1,1,1,1,1,1
w0.1_i0.25_o0.126,0.1,0.25,0.126,20,2048,512,1,1,1,1,1,1
w0.1_i0.26_o0.1301,0.1,0.26,0.1301,20,2048,512,1,1,1,1,1,1
w0.1_i0.269_o0.1339,0.1,0.269,0.1339,20,2048,512,1,1,1,1,1,1
w0.1_i0.281_o0.1393,0.1,0.281,0.1393,20,2048,512,1,1,1,1,1,1
w0.1_i0.29_o0.1393,0.1,0.29,0.1393,20,2048,512,1,1,1,1,1,1
w0.1_i0.3_o0.1451,0.1,0.3,0.1451,20,2048,512,1,1,1,1,1,1
w0.1_i0.31_o0.1486,0.1,0.31,0.1486,20,2048,512,1,1,1,1,1,1
w0.1_i0.32_o0.1513,0.1,0.32,0.1513,20,2048,512,1,1,1,1,1,1
w0.1_i0.331_o0.1561,0.1,0.331,0.1561,20,2048,512,1,1,1,1,1,1
w0.1_i0.341_o0.1562,0.1,0.341,0.1562,20,2048,512,1,1,1,1,1,1
w0.1_i0.35_o0.1589,0.1,0.35,0.1589,20,2048,512,1,1,1,1,1,1
w0.1_i0.36_o0.1616,0.1,0.36,0.1616,20,2048,512,1,1,1,1,1,1
w0.1_i0.369_o0.1659,0.1,0.369,0.1659,20,2048,512,1,1,1,1,1,1
w0.1_i0.381_o0.1696,0.1,0.381,0.1696,20,2048,512,1,1,1,1,1,1
w0.1_i0.392_o0.1729,0.1,0.392,0.1729,20,2048,512,1,1,1,1,1,1
w0.1_i0.401_o0.1761,0.1,0.401,0.1761,20,2048,512,1,1,1,1,1,1
w0.1_i0.41_o0.1765,0.1,0.41,0.1765,20,2048,512,1,1,1,1,1,1
w0.1_i0.419_o0.1806,0.1,0.419,0.1806,20,2048,512,1,1,1,1,1,1
w0.1_i0.432_o0.1849,0.1,0.432,0.1849,20,2048,512,1,1,1,1,1,1
w0.1_i0.439_o0.185,0.1,0.439,0.185,20,2048,512,1,1,1,1,1,1
w0.1_i0.451_o0.1904,0.1,0.451,0.1904,20,2048,512,1,1,1,1,1,1
w0.1_i0.459_o0.1907,0.1,0.459,0.1907,20,2048,512,1,1,1,1,1,1
w0.1_i0.468_o0.1946,0.1,0.468,0.1946,20,2048,512,1,1,1,1,1,1
w0.1_i0.478_o0.1943,0.1,0.478,0.1943,20,2048,512,1,1,1,1,1,1
w0.1_i0.49_o0.201,0.1,0.49,0.201,20,2048,512,1,1,1,1,1,1
w0.1_i0.501_o0.2008,0.1,0.501,0.2008,20,2048,512,1,1,1,1,1,1
w0.1_i0.511_o0.2045,0.1,0.511,0.2045,20,2048,512,1,1,1,1,1,1
w0.1_i0.52_o0.2081,0.1,0.52,0.2081,20,2048,512,1,1,1,1,1,1
w0.1_i0.53_o0.2108,0.1,0.53,0.2108,20,2048,512,1,1,1,1,1,1
w0.1_i0.54_o0.2154,0.1,0.54,0.2154,20,2048,512,1,1,1,1,1,1
w0.1_i0.549_o0.2151,0.1,0.549,0.2151,20,2048,512,1,1,1,1,1,1
w0.1_i0.56_o0.2185,0.1,0.56,0.2185,20,2048,512,1,1,1,1,1,1
w0.1_i0.57_o0.2204,0.1,0.57,0.2204,20,2048,512,1,1,1,1,1,1
w0.1_i0.582_o0.2236,0.1,0.582,0.2236,20,2048,512,1,1,1,1,1,1
w0.1_i0.59_o0.2273,0.1,0.59,0.2273,20,2048,512,1,1,1,1,1,1
w0.1_i0.6_o0.2295,0.1,0.6,0.2295,20,2048,512,1,1,1,1,1,1
w0.1_i0.61_o0.234,0.1,0.61,0.234,20,2048,512,1,1,1,1,1,1
w0.1_i0.62_o0.2373,0.1,0.62,0.2373,20,2048,512,1,1,1,1,1,1
w0.1_i0.63_o0.2387,0.1,0.63,0.2387,20,2048,512,1,1,1,1,1,1
w0.1_i0.641_o0.2416,0.1,0.641,0.2416,20,2048,512,1,1,1,1,1,1
w0.1_i0.652_o0.2452,0.1,0.652,0.2452,20,2048,512,1,1,1,1,1,1
w0.1_i0.658_o0.2483,0.1,0.658,0.2483,20,2048,512,1,1,1,1,1,1
w0.1_i0.671_o0.2511,0.1,0.671,0.2511,20,2048,512,1,1,1,1,1,1
w0.1_i0.679_o0.2508,0.1,0.679,0.2508,20,2048,512,1,1,1,1,1,1
w0.1_i0.692_o0.2555,0.1,0.692,0.2555,20,2048,512,1,1,1,1,1,1
w0.1_i0.701_o0.254,0.1,0.701,0.254,20,2048,512,1,1,1,1,1,1
w0.1_i0.71_o0.2598,0.1,0.71,0.2598,20,2048,512,1,1,1,1,1,1
w0.1_i0.72_o0.2618,0.1,0.72,0.2618,20,2048,512,1,1,1,1,1,1
w0.1_i0.731_o0.2669,0.1,0.731,0.2669,20,2048,512,1,1,1,1,1,1
w0.1_i0.742_o0.2665,0.1,0.742,0.2665,20,2048,512,1,1,1,1,1,1
w0.1_i0.749_o0.27,0.1,0.749,0.27,20,2048,512,1,1,1,1,1,1
w0.1_i0.76_o0.2733,0.1,0.76,0.2733,20,2048,512,1,1,1,1,1,1
w0.1_i0.771_o0.2772,0.1,0.771,0.2772,20,2048,512,1,1,1,1,1,1
w0.1_i0.782_o0.2789,0.1,0.782,0.2789,20,2048,512,1,1,1,1,1,1
w0.1_i0.791_o0.2811,0.1,0.791,0.2811,20,2048,512,1,1,1,1,1,1
w0.1_i0.8_o0.2833,0.1,0.8,0.2833,20,2048,512,1,1,1,1,1,1
w0.1_i0.81_o0.2854,0.1,0.81,0.2854,20,2048,512,1,1,1,1,1,1
w0.1_i0.819_o0.2891,0.1,0.819,0.2891,20,2048,512,1,1,1,1,1,1
w0.1_i0.83_o0.2923,0.1,0.83,0.2923,20,2048,512,1,1,1,1,1,1
w0.1_i0.84_o0.2969,0.1,0.84,0.2969,20,2048,512,1,1,1,1,1,1
w0.1_i0.849_o0.2976,0.1,0.849,0.2976,20,2048,512,1,1,1,1,1,1
w0.1_i0.859_o0.3023,0.1,0.859,0.3023,20,2048,512,1,1,1,1,1,1
w0.1_i0.871_o0.3068,0.1,0.871,0.3068,20,2048,512,1,1,1,1,1,1
w0.1_i0.879_o0.3104,0.1,0.879,0.3104,20,2048,512,1,1,1,1,1,1
w0.1_i0.889_o0.311,0.1,0.889,0.311,20,2048,512,1,1,1,1,1,1
w0.1_i0.901_o0.3152,0.1,0.901,0.3152,20,2048,512,1,1,1,1,1,1
w0.1_i0.91_o0.3188,0.1,0.91,0.3188,20,2048,512,1,1,1,1,1,1
w0.1_i0.919_o0.3206,0.1,0.919,0.3206,20,2048,512,1,1,1,1,1,1
w0.1_i0.929_o0.3252,0.1,0.929,0.3252,20,2048,512,1,1,1,1,1,1
w0.1_i0.941_o0.3282,0.1,0.941,0.3282,20,2048,512,1,1,1,1,1,1
w0.1_i0.95_o0.3322,0.1,0.95,0.3322,20,2048,512,1,1,1,1,1,1
w0.1_i0.96_o0.3366,0.1,0.96,0.3366,20,2048,512,1,1,1,1,1,1
w0.1_i0.97_o0.3405,0.1,0.97,0.3405,20,2048,512,1,1,1,1,1,1
w0.1_i0.98_o0.3451,0.1,0.98,0.3451,20,2048,512,1,1,1,1,1,1
w0.1_i0.99_o0.3495,0.1,0.99,0.3495,20,2048,512,1,1,1,1,1,1
w0.05_i0.01_o0.0132,0.05,0.01,0.0132,20,2048,512,1,1,1,1,1,1
w0.05_i0.021_o0.0283,0.05,0.021,0.0283,20,2048,512,1,1,1,1,1,1
w0.05_i0.03_o0.0407,0.05,0.03,0.0407,20,2048,512,1,1,1,1,1,1
w0.05_i0.039_o0.0522,0.05,0.039,0.0522,20,2048,512,1,1,1,1,1,1
w0.05_i0.05_o0.0623,0.05,0.05,0.0623,20,2048,512,1,1,1,1,1,1
w0.05_i0.06_o0.0718,0.05,0.06,0.0718,20,2048,512,1,1,1,1,1,1
w0.05_i0.069_o0.0813,0.05,0.069,0.0813,20,2048,512,1,1,1,1,1,1
w0.05_i0.08_o0.0858,0.05,0.08,0.0858,20,2048,512,1,1,1,1,1,1
w0.05_i0.089_o0.0946,0.05,0.089,0.0946,20,2048,512,1,1,1,1,1,1
w0.05_i0.101_o0.0991,0.05,0.101,0.0991,20,2048,512,1,1,1,1,1,1
w0.05_i0.111_o0.1104,0.05,0.111,0.1104,20,2048,512,1,1,1,1,1,1
w0.05_i0.12_o0.1141,0.05,0.12,0.1141,20,2048,512,1,1,1,1,1,1
w0.05_i0.13_o0.1173,0.05,0.13,0.1173,20,2048,512,1,1,1,1,1,1
w0.05_i0.138_o0.1216,0.05,0.138,0.1216,20,2048,512,1,1,1,1,1,1
w0.05_i0.151_o0.1326,0.05,0.151,0.1326,20,2048,512,1,1,1,1,1,1
w0.05_i0.161_o0.1348,0.05,0.161,0.1348,20,2048,512,1,1,1,1,1,1
w0.05_i0.168_o0.1392,0.05,0.168,0.1392,20,2048,512,1,1,1,1,1,1
w0.05_i0.18_o0.1447,0.05,0.18,0.1447,20,2048,512,1,1,1,1,1,1
w0.05_i0.19_o0.152,0.05,0.19,0.152,20,2048,512,1,1,1,1,1,1
w0.05_i0.2_o0.1547,0.05,0.2,0.1547,20,2048,512,1,1,1,1,1,1
w0.05_i0.209_o0.1592,0.05,0.209,0.1592,20,2048,512,1,1,1,1,1,1
w0.05_i0.22_o0.1617,0.05,0.22,0.1617,20,2048,512,1,1,1,1,1,1
w0.05_i0.229_o0.167,0.05,0.229,0.167,20,2048,512,1,1,1,1,1,1
w0.05_i0.24_o0.174,0.05,0.24,0.174,20,2048,512,1,1,1,1,1,1
w0.05_i0.248_o0.1769,0.05,0.248,0.1769,20,2048,512,1,1,1,1,1,1
w0.05_i0.259_o0.1814,0.05,0.259,0.1814,20,2048,512,1,1,1,1,1,1
w0.05_i0.271_o0.1878,0.05,0.271,0.1878,20,2048,512,1,1,1,1,1,1
w0.05_i0.28_o0.192,0.05,0.28,0.192,20,2048,512,1,1,1,1,1,1
w0.05_i0.29_o0.1911,0.05,0.29,0.1911,20,2048,512,1,1,1,1,1,1
w0.05_i0.298_o0.1951,0.05,0.298,0.1951,20,2048,512,1,1,1,1,1,1
w0.05_i0.308_o0.1972,0.05,0.308,0.1972,20,2048,512,1,1,1,1,1,1
w0.05_i0.32_o0.202,0.05,0.32,0.202,20,2048,512,1,1,1,1,1,1
w0.05_i0.33_o0.2097,0.05,0.33,0.2097,20,2048,512,1,1,1,1,1,1
w0.05_i0.34_o0.2083,0.05,0.34,0.2083,20,2048,512,1,1,1,1,1,1
w0.05_i0.349_o0.213,0.05,0.349,0.213,20,2048,512,1,1,1,1,1,1
w0.05_i0.361_o0.2198,0.05,0.361,0.2198,20,2048,512,1,1,1,1,1,1
w0.05_i0.371_o0.2232,0.05,0.371,0.2232,20,2048,512,1,1,1,1,1,1
w0.05_i0.379_o0.225,0.05,0.379,0.225,20,2048,512,1,1,1,1,1,1
w0.05_i0.391_o0.2291,0.05,0.391,0.2291,20,2048,512,1,1,1,1,1,1
w0.05_i0.402_o0.2316,0.05,0.402,0.2316,20,2048,512,1,1,1,1,1,1
w0.05_i0.411_o0.235,0.05,0.411,0.235,20,2048,512,1,1,1,1,1,1
w0.05_i0.419_o0.2377,0.05,0.419,0.2377,20,2048,512,1,1,1,1,1,1
w0.05_i0.432_o0.2403,0.05,0.432,0.2403,20,2048,512,1,1,1,1,1,1
w0.05_i0.441_o0.2438,0.05,0.441,0.2438,20,2048,512,1,1,1,1,1,1
w0.05_i0.449_o0.2461,0.05,0.449,0.2461,20,2048,512,1,1,1,1,1,1
w0.05_i0.461_o0.2509,0.05,0.461,0.2509,20,2048,512,1,1,1,1,1,1
w0.05_i0.472_o0.2554,0.05,0.472,0.2554,20,2048,512,1,1,1,1,1,1
w0.05_i0.481_o0.2544,0.05,0.481,0.2544,20,2048,512,1,1,1,1,1,1
w0.05_i0.491_o0.2603,0.05,0.491,0.2603,20,2048,512,1,1,1,1,1,1
w0.05_i0.501_o0.263,0.05,0.501,0.263,20,2048,512,1,1,1,1,1,1
w0.05_i0.51_o0.2648,0.05,0.51,0.2648,20,2048,512,1,1,1,1,1,1
w0.05_i0.519_o0.268,0.05,0.519,0.268,20,2048,512,1,1,1,1,1,1
w0.05_i0.53_o0.271,0.05,0.53,0.271,20,2048,512,1,1,1,1,1,1
w0.05_i0.54_o0.2741,0.05,0.54,0.2741,20,2048,512,1,1,1,1,1,1
w0.05_i0.549_o0.2814,0.05,0.549,0.2814,20,2048,512,1,1,1,1,1,1
w0.05_i0.563_o0.2833,0.05,0.563,0.2833,20,2048,512,1,1,1,1,1,1
w0.05_i0.57_o0.2831,0.05,0.57,0.2831,20,2048,512,1,1,1,1,1,1
w0.05_i0.579_o0.2852,0.05,0.579,0.2852,20,2048,512,1,1,1,1,1,1
w0.05_i0.589_o0.2867,0.05,0.589,0.2867,20,2048,512,1,1,1,1,1,1
w0.05_i0.597_o0.2913,0.05,0.597,0.2913,20,2048,512,1,1,1,1,1,1
w0.05_i0.609_o0.2956,0.05,0.609,0.2956,20,2048,512,1,1,1,1,1,1
w0.05_i0.621_o0.2965,0.05,0.621,0.2965,20,2048,512,1,1,1,1,1,1
w0.05_i0.631_o0.3018,0.05,0.631,0.3018,20,2048,512,1,1,1,1,1,1
w0.05_i0.64_o0.3021,0.05,0.64,0.3021,20,2048,512,1,1,1,1,1,1
w0.05_i0.65_o0.3075,0.05,0.65,0.3075,20,2048,512,1,1,1,1,1,1
w0.05_i0.659_o0.3097,0.05,0.659,0.3097,20,2048,512,1,1,1,1,1,1
w0.05_i0.669_o0.3111,0.05,0.669,0.3111,20,2048,512,1,1,1,1,1,1
w0.05_i0.68_o0.3144,0.05,0.68,0.3144,20,2048,512,1,1,1,1,1,1
w0.05_i0.691_o0.318,0.05,0.691,0.318,20,2048,512,1,1,1,1,1,1
w0.05_i0.699_o0.321,0.05,0.699,0.321,20,2048,512,1,1,1,1,1,1
w0.05_i0.711_o0.3235,0.05,0.711,0.3235,20,2048,512,1,1,1,1,1,1
w0.05_i0.721_o0.3256,0.05,0.721,0.3256,20,2048,512,1,1,1,1,1,1
w0.05_i0.731_o0.3279,0.05,0.731,0.3279,20,2048,512,1,1,1,1,1,1
w0.05_i0.74_o0.3312,0.05,0.74,0.3312,20,2048,512,1,1,1,1,1,1
w0.05_i0.75_o0.3336,0.05,0.75,0.3336,20,2048,512,1,1,1,1,1,1
w0.05_i0.762_o0.3377,0.05,0.762,0.3377,20,2048,512,1,1,1,1,1,1
w0.05_i0.773_o0.3428,0.05,0.773,0.3428,20,2048,512,1,1,1,1,1,1
w0.05_i0.78_o0.3446,0.05,0.78,0.3446,20,2048,512,1,1,1,1,1,1
w0.05_i0.789_o0.3465,0.05,0.789,0.3465,20,2048,512,1,1,1,1,1,1
w0.05_i0.8_o0.3497,0.05,0.8,0.3497,20,2048,512,1,1,1,1,1,1
w0.05_i0.811_o0.3534,0.05,0.811,0.3534,20,2048,512,1,1,1,1,1,1
w0.05_i0.82_o0.3574,0.05,0.82,0.3574,20,2048,512,1,1,1,1,1,1
w0.05_i0.83_o0.361,0.05,0.83,0.361,20,2048,512,1,1,1,1,1,1
w0.05_i0.84_o0.3654,0.05,0.84,0.3654,20,2048,512,1,1,1,1,1,1
w0.05_i0.849_o0.3661,0.05,0.849,0.3661,20,2048,512,1,1,1,1,1,1
w0.05_i0.861_o0.3688,0.05,0.861,0.3688,20,2048,512,1,1,1,1,1,1
w0.05_i0.87_o0.374,0.05,0.87,0.374,20,2048,512,1,1,1,1,1,1
w0.05_i0.88_o0.3791,0.05,0.88,0.3791,20,2048,512,1,1,1,1,1,1
w0.05_i0.891_o0.3819,0.05,0.891,0.3819,20,2048,512,1,1,1,1,1,1
w0.05_i0.9_o0.3841,0.05,0.9,0.3841,20,2048,512,1,1,1,1,1,1
w0.05_i0.911_o0.3868,0.05,0.911,0.3868,20,2048,512,1,1,1,1,1,1
w0.05_i0.919_o0.3927,0.05,0.919,0.3927,20,2048,512,1,1,1,1,1,1
w0.05_i0.93_o0.3958,0.05,0.93,0.3958,20,2048,512,1,1,1,1,1,1
w0.05_i0.94_o0.4007,0.05,0.94,0.4007,20,2048,512,1,1,1,1,1,1
w0.05_i0.95_o0.4054,0.05,0.95,0.4054,20,2048,512,1,1,1,1,1,1
w0.05_i0.96_o0.4107,0.05,0.96,0.4107,20,2048,512,1,1,1,1,1,1
w0.05_i0.97_o0.4164,0.05,0.97,0.4164,20,2048,512,1,1,1,1,1,1
w0.05_i0.979_o0.4206,0.05,0.979,0.4206,20,2048,512,1,1,1,1,1,1
w0.05_i0.99_o0.4277,0.05,0.99,0.4277,20,2048,512,1,1,1,1,1,1
